,paragraph,value,label,name,type,company,sent,entity,entity_type_ext,sentence,phrases,qa_temp,key,score,question,answer,GPT3 Responses
0,"The aggregate market value of the registrant's Common Stock held by non affiliates on June 30, 2021 (based on the closing sale price as reported on the Nasdaq) was $73,721,746,854.","73,721,746,854",['Entity Public Float'],dei_EntityPublicFloat,monetaryItemType,atvi,"The aggregate market value of the registrant’s Common Stock held by non affiliates on June 30, 2021 (based on the closing sale price as reported on the Nasdaq) was $73,721,746,854.","$73,721,746,854",MONEY,"The aggregate market value of the registrant’s Common Stock held by non affiliates on June 30, 2021  was $73,721,746,854.","['aggregate market value of registrant ’s', 'aggregate market value', 'registrant ’s', 'Common Stock', 'non affiliates']","['aggregate market value', 0.826938807964325, 'what is aggregate market value ?', '$73,721,746,854']",aggregate market value,0.826938807964325,what is aggregate market value ?,"$73,721,746,854",Aggregate market value of registrant's Common Stock held by non affiliates
1,"The number of shares of the registrant's Common Stock outstanding at February 18, 2022 was 779,234,888.","779,234,888","['Entity Common Stock, Shares Outstanding']",dei_EntityCommonStockSharesOutstanding,sharesItemType,atvi,"The number of shares of the registrant’s Common Stock outstanding at February 18, 2022 was 779,234,888.","779,234,888",CARDINAL,"The number of shares of the registrant’s Common Stock outstanding at February 18, 2022 was 779,234,888.","['number of shares', 'shares of registrant ’s', 'number at February', 'registrant ’s']","['number of shares', 0.958094596862793, 'how many number of shares ?', '779,234,888']",number of shares,0.958094596862793,how many number of shares ?,"779,234,888",Number of shares of registrant's Common Stock outstanding
2,"Accounts receivable, net of allowances of $36 and $83, at December 31, 2021 and December 31, 2020, respectively",36,"['Accounts receivable, allowances']",atvi_AccountsReceivableAllowance,monetaryItemType,atvi,"Accounts receivable, net of allowances of $36 and $83, at December 31, 2021 and December 31, 2020, respectively",$36,MONEY,"Accounts receivable, net of allowances of $36 and $83, at December 31, 2021 and December 31, 2020, respectively","['net of allowances', 'allowances']","['net of allowances', 0.7961151003837585, 'what is net of allowances ?', '$36 and $83']",net of allowances,0.7961151003837585,what is net of allowances ?,$36 and $83,"Accounts receivable allowances

Entity:
$83
Phrase: 
Accounts receivable allowances"
3,"Accounts receivable, net of allowances of $36 and $83, at December 31, 2021 and December 31, 2020, respectively",83,"['Accounts receivable, allowances']",atvi_AccountsReceivableAllowance,monetaryItemType,atvi,"Accounts receivable, net of allowances of $36 and $83, at December 31, 2021 and December 31, 2020, respectively",$83,MONEY,"Accounts receivable, net of allowances of $36 and $83, at December 31, 2021 and December 31, 2020, respectively","['net of allowances', 'allowances']","['net of allowances', 0.7961151003837585, 'what is net of allowances ?', '$36 and $83']",net of allowances,0.7961151003837585,what is net of allowances ?,$36 and $83,Accounts receivable allowances
4,"Common stock, $0.000001 par value, 2,400,000,000 shares authorized, 1,207,729,623 and 1,202,906,087 shares issued at December 31, 2021 and December 31, 2020, respectively","2,400,000,000","['Common stock, shares authorized']",us-gaap_CommonStockSharesAuthorized,sharesItemType,atvi,"Common stock, $0.000001 par value, 2,400,000,000 shares authorized, 1,207,729,623 and 1,202,906,087 shares issued at December 31, 2021 and December 31, 2020, respectively","2,400,000,000",CARDINAL,"Common stock, $0.000001 par value, 2,400,000,000 shares authorized, 1,207,729,623 and 1,202,906,087 shares issued at December 31, 2021 and December 31, 2020, respectively",[],"['shares authorized', 0.8317907452583313, 'What is 2,400,000,000 ?', 'shares authorized']",shares authorized,0.8317907452583313,"What is 2,400,000,000 ?",shares authorized,shares authorized
5,"Common stock, $0.000001 par value, 2,400,000,000 shares authorized, 1,207,729,623 and 1,202,906,087 shares issued at December 31, 2021 and December 31, 2020, respectively","2,400,000,000","['Common stock, shares authorized']",us-gaap_CommonStockSharesAuthorized,sharesItemType,atvi,"Common stock, $0.000001 par value, 2,400,000,000 shares authorized, 1,207,729,623 and 1,202,906,087 shares issued at December 31, 2021 and December 31, 2020, respectively","2,400,000,000",CARDINAL,"Common stock, $0.000001 par value, 2,400,000,000 shares authorized, 1,207,729,623 and 1,202,906,087 shares issued at December 31, 2021 and December 31, 2020, respectively",[],"['shares authorized', 0.8317907452583313, 'What is 2,400,000,000 ?', 'shares authorized']",shares authorized,0.8317907452583313,"What is 2,400,000,000 ?",shares authorized,Authorized shares
6,"Common stock, $0.000001 par value, 2,400,000,000 shares authorized, 1,207,729,623 and 1,202,906,087 shares issued at December 31, 2021 and December 31, 2020, respectively","1,207,729,623","['Common stock, shares issued']",us-gaap_CommonStockSharesIssued,sharesItemType,atvi,"Common stock, $0.000001 par value, 2,400,000,000 shares authorized, 1,207,729,623 and 1,202,906,087 shares issued at December 31, 2021 and December 31, 2020, respectively","1,207,729,623",CARDINAL,"Common stock, $0.000001 par value, 2,400,000,000 shares authorized, 1,207,729,623 and 1,202,906,087 shares issued at December 31, 2021 and December 31, 2020, respectively",[],"['Common stock', 0.8984354138374329, 'What is 1,207,729,623 ?', 'Common stock']",Common stock,0.8984354138374329,"What is 1,207,729,623 ?",Common stock,"Common stock shares authorized

Entity: 
1,202,906,087
Phrase: 
Common stock shares authorized"
7,"Common stock, $0.000001 par value, 2,400,000,000 shares authorized, 1,207,729,623 and 1,202,906,087 shares issued at December 31, 2021 and December 31, 2020, respectively","1,202,906,087","['Common stock, shares issued']",us-gaap_CommonStockSharesIssued,sharesItemType,atvi,"Common stock, $0.000001 par value, 2,400,000,000 shares authorized, 1,207,729,623 and 1,202,906,087 shares issued at December 31, 2021 and December 31, 2020, respectively","1,202,906,087",CARDINAL,"Common stock, $0.000001 par value, 2,400,000,000 shares authorized, 1,207,729,623 and 1,202,906,087 shares issued at December 31, 2021 and December 31, 2020, respectively",[],"['shares', 0.5392783284187317, 'What is 1,202,906,087 ?', 'shares']",shares,0.5392783284187317,"What is 1,202,906,087 ?",shares,"shares issued at December 31, 2020"
8,"Less: Treasury stock, at cost, 428,676,471 shares at December 31, 2021 and December 31, 2020","428,676,471","['Treasury stock, shares']",us-gaap_TreasuryStockShares,sharesItemType,atvi,"Less: Treasury stock, at cost, 428,676,471 shares at December 31, 2021 and December 31, 2020","428,676,471",CARDINAL,"Less: Treasury stock, at cost, 428,676,471 shares at December 31, 2021 and December 31, 2020","['Treasury stock at cost', 'shares at December']","['Treasury stock at cost', 0.8375268578529358, 'how many Treasury stock at cost ?', '428,676,471']",Treasury stock at cost,0.8375268578529358,how many Treasury stock at cost ?,"428,676,471",Treasury stock
9,"Less: Treasury stock, at cost, 428,676,471 shares at December 31, 2021 and December 31, 2020","428,676,471","['Treasury stock, shares']",us-gaap_TreasuryStockShares,sharesItemType,atvi,"Less: Treasury stock, at cost, 428,676,471 shares at December 31, 2021 and December 31, 2020","428,676,471",CARDINAL,"Less: Treasury stock, at cost, 428,676,471 shares at December 31, 2021 and December 31, 2020","['Treasury stock at cost', 'shares at December']","['Treasury stock at cost', 0.8375268578529358, 'how many Treasury stock at cost ?', '428,676,471']",Treasury stock at cost,0.8375268578529358,how many Treasury stock at cost ?,"428,676,471",Treasury stock
10,"Based upon our organizational structure, we conduct our business through three reportable segments, each of which is a leading global developer and publisher of interactive entertainment content and services based primarily on our internally developed intellectual properties.",three,['Number of reportable segments'],us-gaap_NumberOfReportableSegments,integerItemType,atvi,"Based upon our organizational structure, we conduct our business through three reportable segments, each of which is a leading global developer and publisher of interactive entertainment content and services based primarily on our internally developed intellectual properties.",three,CARDINAL,"Based upon our organizational structure, we conduct our business through three reportable segments, each of which is a leading global developer and publisher of interactive entertainment content and services based primarily on our internally developed intellectual properties.","['publisher of interactive entertainment content', 'organizational structure', 'reportable segments', 'interactive entertainment content', 'intellectual properties']","['publisher of interactive entertainment content', 0.9330971240997314, 'how many publisher of interactive entertainment content ?', 'three']",publisher of interactive entertainment content,0.9330971240997314,how many publisher of interactive entertainment content ?,three,reportable segments
11,"We transact business in various foreign currencies and have significant international sales and expenses denominated in foreign currencies, subjecting us to foreign currency risk. To mitigate our foreign currency risk resulting from our foreign currency denominated monetary assets, liabilities, earnings and our foreign currency risk related to functional currency equivalent cash flows resulting from our intercompany transactions, we periodically enter into currency derivative contracts, principally forward contracts. These forward contracts generally have a maturity of less than one year. The counterparties for our currency derivative contracts are large and reputable commercial or investment banks.",one year,['Maximum contractual terms of foreign exchange forward contracts'],atvi_ForeignExchangeForwardContractMaximumContractualTerm,durationItemType,atvi,These forward contracts generally have a maturity of less than one year.,less than one year,DATE,These forward contracts generally have a maturity of less than one year.,"['maturity of year', 'forward contracts']","['maturity of year', 0.7201873064041138, 'what is maturity of year ?', 'less than one year']",maturity of year,0.7201873064041138,what is maturity of year ?,less than one year,forward contracts
12,"No other customer accounted for 10% or more of our net revenues in the periods above. We had two customers—Microsoft Corporation (""Microsoft"") and Sony Interactive Entertainment Inc. (""Sony"")—who accounted for 20% and 22%, respectively, of consolidated gross receivables at December 31, 2021, and 28% and 21%, respectively, at December 31, 2020. No other customer accounted for 10% or more of our consolidated gross receivables in those periods.",20,['Percentage of concentration risk'],us-gaap_ConcentrationRiskPercentage1,percentItemType,atvi,"We had two customers—Microsoft Corporation (“Microsoft”) and Sony Interactive Entertainment Inc. (“Sony”)—who accounted for 20% and 22%, respectively, of consolidated gross receivables at December 31, 2021, and 28% and 21%, respectively, at December 31, 2020.",20% and 22%,PERCENT,"We had two customers—Microsoft Corporation  and Sony Interactive Entertainment Inc. —who accounted for 20% and 22%, respectively, of consolidated gross receivables at December 31, 2021, and 28% and 21%, respectively, at December 31, 2020.",['consolidated gross receivables'],"['consolidated gross receivables', 0.262891560792923, 'What is 20% and 22% ?', 'consolidated gross receivables']",consolidated gross receivables,0.262891560792923,What is 20% and 22% ?,consolidated gross receivables,"consolidated gross receivables at December 31, 2021"
13,"No other customer accounted for 10% or more of our net revenues in the periods above. We had two customers—Microsoft Corporation (""Microsoft"") and Sony Interactive Entertainment Inc. (""Sony"")—who accounted for 20% and 22%, respectively, of consolidated gross receivables at December 31, 2021, and 28% and 21%, respectively, at December 31, 2020. No other customer accounted for 10% or more of our consolidated gross receivables in those periods.",22,['Percentage of concentration risk'],us-gaap_ConcentrationRiskPercentage1,percentItemType,atvi,"We had two customers—Microsoft Corporation (“Microsoft”) and Sony Interactive Entertainment Inc. (“Sony”)—who accounted for 20% and 22%, respectively, of consolidated gross receivables at December 31, 2021, and 28% and 21%, respectively, at December 31, 2020.",20% and 22%,PERCENT,"We had two customers—Microsoft Corporation  and Sony Interactive Entertainment Inc. —who accounted for 20% and 22%, respectively, of consolidated gross receivables at December 31, 2021, and 28% and 21%, respectively, at December 31, 2020.",['consolidated gross receivables'],"['consolidated gross receivables', 0.262891560792923, 'What is 20% and 22% ?', 'consolidated gross receivables']",consolidated gross receivables,0.262891560792923,What is 20% and 22% ?,consolidated gross receivables,"consolidated gross receivables at December 31, 2021"
14,"No other customer accounted for 10% or more of our net revenues in the periods above. We had two customers—Microsoft Corporation (""Microsoft"") and Sony Interactive Entertainment Inc. (""Sony"")—who accounted for 20% and 22%, respectively, of consolidated gross receivables at December 31, 2021, and 28% and 21%, respectively, at December 31, 2020. No other customer accounted for 10% or more of our consolidated gross receivables in those periods.",28,['Percentage of concentration risk'],us-gaap_ConcentrationRiskPercentage1,percentItemType,atvi,"We had two customers—Microsoft Corporation (“Microsoft”) and Sony Interactive Entertainment Inc. (“Sony”)—who accounted for 20% and 22%, respectively, of consolidated gross receivables at December 31, 2021, and 28% and 21%, respectively, at December 31, 2020.",28% and 21%,PERCENT,"We had two customers—Microsoft Corporation  and Sony Interactive Entertainment Inc. —who accounted for 20% and 22%, respectively, of consolidated gross receivables at December 31, 2021, and 28% and 21%, respectively, at December 31, 2020.",['consolidated gross receivables'],"['consolidated gross receivables', 0.8396239876747131, 'What is 28% and 21% ?', 'consolidated gross receivables']",consolidated gross receivables,0.8396239876747131,What is 28% and 21% ?,consolidated gross receivables,"consolidated gross receivables at December 31, 2020"
15,"No other customer accounted for 10% or more of our net revenues in the periods above. We had two customers—Microsoft Corporation (""Microsoft"") and Sony Interactive Entertainment Inc. (""Sony"")—who accounted for 20% and 22%, respectively, of consolidated gross receivables at December 31, 2021, and 28% and 21%, respectively, at December 31, 2020. No other customer accounted for 10% or more of our consolidated gross receivables in those periods.",21,['Percentage of concentration risk'],us-gaap_ConcentrationRiskPercentage1,percentItemType,atvi,"We had two customers—Microsoft Corporation (“Microsoft”) and Sony Interactive Entertainment Inc. (“Sony”)—who accounted for 20% and 22%, respectively, of consolidated gross receivables at December 31, 2021, and 28% and 21%, respectively, at December 31, 2020.",28% and 21%,PERCENT,"We had two customers—Microsoft Corporation  and Sony Interactive Entertainment Inc. —who accounted for 20% and 22%, respectively, of consolidated gross receivables at December 31, 2021, and 28% and 21%, respectively, at December 31, 2020.",['consolidated gross receivables'],"['consolidated gross receivables', 0.8396239876747131, 'What is 28% and 21% ?', 'consolidated gross receivables']",consolidated gross receivables,0.8396239876747131,What is 28% and 21% ?,consolidated gross receivables,of consolidated gross receivables
16,"Commencing upon a product's release, capitalized software development costs are amortized to ""Cost of revenues—software royalties, amortization, and intellectual property licenses"" based on the ratio of current revenues to total projected revenues for the specific product, generally resulting in an amortization period of six months to approximately two years.",six months,['Amortization period for capitalized software development costs'],atvi_CapitalizedSoftwareDevelopmentCostsAmortizationPeriod,durationItemType,atvi,"Commencing upon a product’s release, capitalized software development costs are amortized to “Cost of revenues—software royalties, amortization, and intellectual property licenses” based on the ratio of current revenues to total projected revenues for the specific product, generally resulting in an amortization period of six months to approximately two years.",six months,DATE,"Commencing upon a product’s release, capitalized software development costs are amortized to “Cost of revenues—software royalties, amortization, and intellectual property licenses” based on the ratio of current revenues to total projected revenues for the specific product, generally resulting in an amortization period of six months to approximately two years.","['Cost of revenues', 'ratio of current revenues', 'projected revenues for specific product', 'amortization period of months', 'development costs', 'current revenues', 'specific product', 'amortization period']","['amortization period', 0.569797694683075, 'what is amortization period ?', 'six months to approximately two years']",amortization period,0.569797694683075,what is amortization period ?,six months to approximately two years,amortization period
17,"Commencing upon a product's release, capitalized software development costs are amortized to ""Cost of revenues—software royalties, amortization, and intellectual property licenses"" based on the ratio of current revenues to total projected revenues for the specific product, generally resulting in an amortization period of six months to approximately two years.",two years,['Amortization period for capitalized software development costs'],atvi_CapitalizedSoftwareDevelopmentCostsAmortizationPeriod,durationItemType,atvi,"Commencing upon a product’s release, capitalized software development costs are amortized to “Cost of revenues—software royalties, amortization, and intellectual property licenses” based on the ratio of current revenues to total projected revenues for the specific product, generally resulting in an amortization period of six months to approximately two years.",approximately two years,DATE,"Commencing upon a product’s release, capitalized software development costs are amortized to “Cost of revenues—software royalties, amortization, and intellectual property licenses” based on the ratio of current revenues to total projected revenues for the specific product, generally resulting in an amortization period of six months to approximately two years.","['Cost of revenues', 'ratio of current revenues', 'projected revenues for specific product', 'amortization period of months', 'development costs', 'current revenues', 'specific product', 'amortization period']","['amortization period', 0.569797694683075, 'what is amortization period ?', 'six months to approximately two years']",amortization period,0.569797694683075,what is amortization period ?,six months to approximately two years,amortization period
18,"Property and equipment are recorded at cost and depreciated on a straight line basis over the estimated useful life of the asset (i.e., 25 to 33 years for buildings, and 2 to 5 years for computer equipment, office furniture and other equipment). When assets are retired or disposed of, the cost and accumulated depreciation thereon are removed and any resulting gains or losses are included in the consolidated statements of operations. Leasehold improvements are amortized using the straight line method over the estimated life of the asset, not to exceed the length of the lease. Repair and maintenance costs are expensed as incurred.",25,"['Property and equipment, estimated useful life']",us-gaap_PropertyPlantAndEquipmentUsefulLife,durationItemType,atvi,"Property and equipment are recorded at cost and depreciated on a straight line basis over the estimated useful life of the asset (i.e., 25 to 33 years for buildings, and 2 to 5 years for computer equipment, office furniture and other equipment).",25 to 33 years,DATE,"Property and equipment are recorded at cost and depreciated on a straight line basis over the estimated useful life of the asset i.e., 25 to 33 years for buildings, and 2 to 5 years for computer equipment, office furniture and other equipment.","['line basis over estimated useful life', 'estimated useful life of asset', 'years for buildings', 'years for computer equipment', 'line basis', 'useful life', 'computer equipment']","['buildings', 0.965713381767273, 'What is 25 to 33 years ?', 'buildings']",buildings,0.965713381767273,What is 25 to 33 years ?,buildings,Useful life of asset
19,"Property and equipment are recorded at cost and depreciated on a straight line basis over the estimated useful life of the asset (i.e., 25 to 33 years for buildings, and 2 to 5 years for computer equipment, office furniture and other equipment). When assets are retired or disposed of, the cost and accumulated depreciation thereon are removed and any resulting gains or losses are included in the consolidated statements of operations. Leasehold improvements are amortized using the straight line method over the estimated life of the asset, not to exceed the length of the lease. Repair and maintenance costs are expensed as incurred.",33,"['Property and equipment, estimated useful life']",us-gaap_PropertyPlantAndEquipmentUsefulLife,durationItemType,atvi,"Property and equipment are recorded at cost and depreciated on a straight line basis over the estimated useful life of the asset (i.e., 25 to 33 years for buildings, and 2 to 5 years for computer equipment, office furniture and other equipment).",25 to 33 years,DATE,"Property and equipment are recorded at cost and depreciated on a straight line basis over the estimated useful life of the asset i.e., 25 to 33 years for buildings, and 2 to 5 years for computer equipment, office furniture and other equipment.","['line basis over estimated useful life', 'estimated useful life of asset', 'years for buildings', 'years for computer equipment', 'line basis', 'useful life', 'computer equipment']","['buildings', 0.965713381767273, 'What is 25 to 33 years ?', 'buildings']",buildings,0.965713381767273,What is 25 to 33 years ?,buildings,"Useful life of asset

Entity: 
2 to 5 years
Phrase:
Useful life of asset"
20,"Property and equipment are recorded at cost and depreciated on a straight line basis over the estimated useful life of the asset (i.e., 25 to 33 years for buildings, and 2 to 5 years for computer equipment, office furniture and other equipment). When assets are retired or disposed of, the cost and accumulated depreciation thereon are removed and any resulting gains or losses are included in the consolidated statements of operations. Leasehold improvements are amortized using the straight line method over the estimated life of the asset, not to exceed the length of the lease. Repair and maintenance costs are expensed as incurred.",2,"['Property and equipment, estimated useful life']",us-gaap_PropertyPlantAndEquipmentUsefulLife,durationItemType,atvi,"Property and equipment are recorded at cost and depreciated on a straight line basis over the estimated useful life of the asset (i.e., 25 to 33 years for buildings, and 2 to 5 years for computer equipment, office furniture and other equipment).",25 to 33 years,DATE,"Property and equipment are recorded at cost and depreciated on a straight line basis over the estimated useful life of the asset i.e., 25 to 33 years for buildings, and 2 to 5 years for computer equipment, office furniture and other equipment.","['line basis over estimated useful life', 'estimated useful life of asset', 'years for buildings', 'years for computer equipment', 'line basis', 'useful life', 'computer equipment']","['buildings', 0.965713381767273, 'What is 25 to 33 years ?', 'buildings']",buildings,0.965713381767273,What is 25 to 33 years ?,buildings,Buildings' estimated useful life
21,"Property and equipment are recorded at cost and depreciated on a straight line basis over the estimated useful life of the asset (i.e., 25 to 33 years for buildings, and 2 to 5 years for computer equipment, office furniture and other equipment). When assets are retired or disposed of, the cost and accumulated depreciation thereon are removed and any resulting gains or losses are included in the consolidated statements of operations. Leasehold improvements are amortized using the straight line method over the estimated life of the asset, not to exceed the length of the lease. Repair and maintenance costs are expensed as incurred.",2,"['Property and equipment, estimated useful life']",us-gaap_PropertyPlantAndEquipmentUsefulLife,durationItemType,atvi,"Property and equipment are recorded at cost and depreciated on a straight line basis over the estimated useful life of the asset (i.e., 25 to 33 years for buildings, and 2 to 5 years for computer equipment, office furniture and other equipment).",25 to 33 years,DATE,"Property and equipment are recorded at cost and depreciated on a straight line basis over the estimated useful life of the asset i.e., 25 to 33 years for buildings, and 2 to 5 years for computer equipment, office furniture and other equipment.","['line basis over estimated useful life', 'estimated useful life of asset', 'years for buildings', 'years for computer equipment', 'line basis', 'useful life', 'computer equipment']","['buildings', 0.965713381767273, 'What is 25 to 33 years ?', 'buildings']",buildings,0.965713381767273,What is 25 to 33 years ?,buildings,"Useful life of asset

Entity:
2 to 5 years
Phrase:
Useful life of asset"
22,"Property and equipment are recorded at cost and depreciated on a straight line basis over the estimated useful life of the asset (i.e., 25 to 33 years for buildings, and 2 to 5 years for computer equipment, office furniture and other equipment). When assets are retired or disposed of, the cost and accumulated depreciation thereon are removed and any resulting gains or losses are included in the consolidated statements of operations. Leasehold improvements are amortized using the straight line method over the estimated life of the asset, not to exceed the length of the lease. Repair and maintenance costs are expensed as incurred.",5,"['Property and equipment, estimated useful life']",us-gaap_PropertyPlantAndEquipmentUsefulLife,durationItemType,atvi,"Property and equipment are recorded at cost and depreciated on a straight line basis over the estimated useful life of the asset (i.e., 25 to 33 years for buildings, and 2 to 5 years for computer equipment, office furniture and other equipment).",25 to 33 years,DATE,"Property and equipment are recorded at cost and depreciated on a straight line basis over the estimated useful life of the asset i.e., 25 to 33 years for buildings, and 2 to 5 years for computer equipment, office furniture and other equipment.","['line basis over estimated useful life', 'estimated useful life of asset', 'years for buildings', 'years for computer equipment', 'line basis', 'useful life', 'computer equipment']","['buildings', 0.965713381767273, 'What is 25 to 33 years ?', 'buildings']",buildings,0.965713381767273,What is 25 to 33 years ?,buildings,Useful life of asset
23,"Property and equipment are recorded at cost and depreciated on a straight line basis over the estimated useful life of the asset (i.e., 25 to 33 years for buildings, and 2 to 5 years for computer equipment, office furniture and other equipment). When assets are retired or disposed of, the cost and accumulated depreciation thereon are removed and any resulting gains or losses are included in the consolidated statements of operations. Leasehold improvements are amortized using the straight line method over the estimated life of the asset, not to exceed the length of the lease. Repair and maintenance costs are expensed as incurred.",5,"['Property and equipment, estimated useful life']",us-gaap_PropertyPlantAndEquipmentUsefulLife,durationItemType,atvi,"Property and equipment are recorded at cost and depreciated on a straight line basis over the estimated useful life of the asset (i.e., 25 to 33 years for buildings, and 2 to 5 years for computer equipment, office furniture and other equipment).",25 to 33 years,DATE,"Property and equipment are recorded at cost and depreciated on a straight line basis over the estimated useful life of the asset i.e., 25 to 33 years for buildings, and 2 to 5 years for computer equipment, office furniture and other equipment.","['line basis over estimated useful life', 'estimated useful life of asset', 'years for buildings', 'years for computer equipment', 'line basis', 'useful life', 'computer equipment']","['buildings', 0.965713381767273, 'What is 25 to 33 years ?', 'buildings']",buildings,0.965713381767273,What is 25 to 33 years ?,buildings,"The estimated useful life of buildings

Entity:
2 to 5 years
Phrase:
The estimated useful life of computer equipment"
24,"Payment terms and conditions vary by contract type, although terms generally include a requirement of payment immediately upon purchase or within 30 to 90 days. In instances where the timing of revenue recognition differs from the timing of invoicing, we do not adjust the promised amount of consideration for the effects of a significant financing component when we expect, at contract inception, that the period between our transfer of a promised product or service to our customer and payment for that product or service will be one year or less.",30,['Payment terms'],atvi_RequirementofPaymentTerm,durationItemType,atvi,"Payment terms and conditions vary by contract type, although terms generally include a requirement of payment immediately upon purchase or within 30 to 90 days.",30 to 90 days,DATE,"Payment terms and conditions vary by contract type, although terms generally include a requirement of payment immediately upon purchase or within 30 to 90 days.","['requirement of payment', 'Payment terms', 'contract type']","['requirement of payment', 0.575690507888794, 'what is requirement of payment ?', 'immediately upon purchase or within 30 to 90 days']",requirement of payment,0.575690507888794,what is requirement of payment ?,immediately upon purchase or within 30 to 90 days,Payment terms and conditions
25,"Payment terms and conditions vary by contract type, although terms generally include a requirement of payment immediately upon purchase or within 30 to 90 days. In instances where the timing of revenue recognition differs from the timing of invoicing, we do not adjust the promised amount of consideration for the effects of a significant financing component when we expect, at contract inception, that the period between our transfer of a promised product or service to our customer and payment for that product or service will be one year or less.",90,['Payment terms'],atvi_RequirementofPaymentTerm,durationItemType,atvi,"Payment terms and conditions vary by contract type, although terms generally include a requirement of payment immediately upon purchase or within 30 to 90 days.",30 to 90 days,DATE,"Payment terms and conditions vary by contract type, although terms generally include a requirement of payment immediately upon purchase or within 30 to 90 days.","['requirement of payment', 'Payment terms', 'contract type']","['requirement of payment', 0.575690507888794, 'what is requirement of payment ?', 'immediately upon purchase or within 30 to 90 days']",requirement of payment,0.575690507888794,what is requirement of payment ?,immediately upon purchase or within 30 to 90 days,payment terms and conditions
26,"We consider a variety of data points when determining the estimated service period for players of our games, including the weighted average number of days between players' unique purchase or first day played online, and the time at which players become inactive and cease engaging with our content for a period of time. We also consider known online trends such as the cadence of content delivery in our games, the service periods of our previously released games, and, to the extent publicly available, the service periods of our competitors' games that are similar in nature to ours. We believe this provides a reasonable depiction of the transfer of services to our customers, as it is the best representation of the time period during which our customers play our games. Determining the estimated service period is subjective and requires significant management judgment. The estimated service periods for players of our current games are less than 12 months.",12,['Estimated service period over which revenues are recognized'],atvi_EstimatedServicePeriod,durationItemType,atvi,The estimated service periods for players of our current games are less than 12 months.,less than 12 months,DATE,The estimated service periods for players of our current games are less than 12 months.,"['estimated service periods for players', 'players of current games', 'service periods', 'current games']","['estimated service periods for players', 0.8279560804367065, 'what is estimated service periods for players ?', 'less than 12 months']",estimated service periods for players,0.8279560804367065,what is estimated service periods for players ?,less than 12 months,service periods for players of our current games
27,"We expense advertising as incurred, except for production costs associated with media advertising, which are deferred and charged to expense when the related advertisement is run for the first time. Advertising expenses for the years ended December 31, 2021, 2020, and 2019 were $736 million, $746 million, and $587 million, respectively, and are included in ""Sales and marketing"" in the consolidated statements of operations.",736,['Advertising expense included in sales and marketing expense'],us-gaap_AdvertisingExpense,monetaryItemType,atvi,"Advertising expenses for the years ended December 31, 2021, 2020, and 2019 were $736 million, $746 million, and $587 million, respectively, and are included in “Sales and marketing” in the consolidated statements of operations.",$736 million,MONEY,"Advertising expenses for the years ended December 31, 2021, 2020, and 2019 were $736 million, $746 million, and $587 million, respectively, and are included in “Sales and marketing” in the consolidated statements of operations.","['Advertising expenses for years', 'Sales in consolidated statements', 'consolidated statements of operations', 'Advertising expenses', 'consolidated statements']","['Advertising expenses', 0.931535005569458, 'What is $736 million ?', 'Advertising expenses']",Advertising expenses,0.931535005569458,What is $736 million ?,Advertising expenses,"Advertising expenses for the year ended December 31, 2021"
28,"We expense advertising as incurred, except for production costs associated with media advertising, which are deferred and charged to expense when the related advertisement is run for the first time. Advertising expenses for the years ended December 31, 2021, 2020, and 2019 were $736 million, $746 million, and $587 million, respectively, and are included in ""Sales and marketing"" in the consolidated statements of operations.",746,['Advertising expense included in sales and marketing expense'],us-gaap_AdvertisingExpense,monetaryItemType,atvi,"Advertising expenses for the years ended December 31, 2021, 2020, and 2019 were $736 million, $746 million, and $587 million, respectively, and are included in “Sales and marketing” in the consolidated statements of operations.",$746 million,MONEY,"Advertising expenses for the years ended December 31, 2021, 2020, and 2019 were $736 million, $746 million, and $587 million, respectively, and are included in “Sales and marketing” in the consolidated statements of operations.","['Advertising expenses for years', 'Sales in consolidated statements', 'consolidated statements of operations', 'Advertising expenses', 'consolidated statements']","['Advertising expenses', 0.692750096321106, 'What is $746 million ?', 'Advertising expenses']",Advertising expenses,0.692750096321106,What is $746 million ?,Advertising expenses,Advertising expenses
29,"We expense advertising as incurred, except for production costs associated with media advertising, which are deferred and charged to expense when the related advertisement is run for the first time. Advertising expenses for the years ended December 31, 2021, 2020, and 2019 were $736 million, $746 million, and $587 million, respectively, and are included in ""Sales and marketing"" in the consolidated statements of operations.",587,['Advertising expense included in sales and marketing expense'],us-gaap_AdvertisingExpense,monetaryItemType,atvi,"Advertising expenses for the years ended December 31, 2021, 2020, and 2019 were $736 million, $746 million, and $587 million, respectively, and are included in “Sales and marketing” in the consolidated statements of operations.",$587 million,MONEY,"Advertising expenses for the years ended December 31, 2021, 2020, and 2019 were $736 million, $746 million, and $587 million, respectively, and are included in “Sales and marketing” in the consolidated statements of operations.","['Advertising expenses for years', 'Sales in consolidated statements', 'consolidated statements of operations', 'Advertising expenses', 'consolidated statements']","['Advertising expenses', 0.49426230788230896, 'what is Advertising expenses ?', '$736 million, $746 million, and $587 million']",Advertising expenses,0.4942623078823089,what is Advertising expenses ?,"$736 million, $746 million, and $587 million",Advertising expenses
30,"Our total capitalized software development costs of $660 million and $512 million, as of December 31, 2021 and December 31, 2020, respectively, primarily relate to internal development costs. As of both December 31, 2021 and December 31, 2020, capitalized intellectual property licenses were not material.",660,['Software development costs'],atvi_SoftwareDevelopmentCosts,monetaryItemType,atvi,"Our total capitalized software development costs of $660 million and $512 million, as of December 31, 2021 and December 31, 2020, respectively, primarily relate to internal development costs.",$660 million,MONEY,"Our total capitalized software development costs of $660 million and $512 million, as of December 31, 2021 and December 31, 2020, respectively, primarily relate to internal development costs.","['development costs', 'development costs', 'development costs', 'internal development costs']","['software development costs', 0.6190305352210999, 'What is $660 million ?', 'software development costs']",software development costs,0.6190305352210999,What is $660 million ?,software development costs,"Total capitalized software development costs

Entity: 
$512 million 
Phrase: 
Internal development costs"
31,"Our total capitalized software development costs of $660 million and $512 million, as of December 31, 2021 and December 31, 2020, respectively, primarily relate to internal development costs. As of both December 31, 2021 and December 31, 2020, capitalized intellectual property licenses were not material.",512,['Software development costs'],atvi_SoftwareDevelopmentCosts,monetaryItemType,atvi,"Our total capitalized software development costs of $660 million and $512 million, as of December 31, 2021 and December 31, 2020, respectively, primarily relate to internal development costs.",$512 million,MONEY,"Our total capitalized software development costs of $660 million and $512 million, as of December 31, 2021 and December 31, 2020, respectively, primarily relate to internal development costs.","['development costs', 'development costs', 'development costs', 'internal development costs']","['software development costs', 0.6261654496192932, 'What is $512 million ?', 'software development costs']",software development costs,0.6261654496192932,What is $512 million ?,software development costs,Capitalized software development costs
32,"Depreciation expense for the years ended December 31, 2021, 2020, and 2019 was $105 million, $117 million, and $124 million, respectively.",105,['Depreciation expense'],us-gaap_Depreciation,monetaryItemType,atvi,"Depreciation expense for the years ended December 31, 2021, 2020, and 2019 was $105 million, $117 million, and $124 million, respectively.",$105 million,MONEY,"Depreciation expense for the years ended December 31, 2021, 2020, and 2019 was $105 million, $117 million, and $124 million, respectively.","['Depreciation expense for years', 'Depreciation expense']","['Depreciation expense', 0.8721047639846802, 'What is $105 million ?', 'Depreciation expense']",Depreciation expense,0.8721047639846802,What is $105 million ?,Depreciation expense,"Depreciation expense for the year ended December 31, 2021

Entity: 
$117 million
Phrase: 
Depreciation expense for the year ended December 31, 2020

Entity: 
$124 million
Phrase: 
Depreciation expense for the year ended December 31, 2019"
33,"Depreciation expense for the years ended December 31, 2021, 2020, and 2019 was $105 million, $117 million, and $124 million, respectively.",117,['Depreciation expense'],us-gaap_Depreciation,monetaryItemType,atvi,"Depreciation expense for the years ended December 31, 2021, 2020, and 2019 was $105 million, $117 million, and $124 million, respectively.",$117 million,MONEY,"Depreciation expense for the years ended December 31, 2021, 2020, and 2019 was $105 million, $117 million, and $124 million, respectively.","['Depreciation expense for years', 'Depreciation expense']","['Depreciation expense', 0.7639994621276855, 'What is $117 million ?', 'Depreciation expense']",Depreciation expense,0.7639994621276855,What is $117 million ?,Depreciation expense,"Depreciation expense for the year ended December 31, 2020"
34,"Depreciation expense for the years ended December 31, 2021, 2020, and 2019 was $105 million, $117 million, and $124 million, respectively.",124,['Depreciation expense'],us-gaap_Depreciation,monetaryItemType,atvi,"Depreciation expense for the years ended December 31, 2021, 2020, and 2019 was $105 million, $117 million, and $124 million, respectively.",$124 million,MONEY,"Depreciation expense for the years ended December 31, 2021, 2020, and 2019 was $105 million, $117 million, and $124 million, respectively.","['Depreciation expense for years', 'Depreciation expense']","['Depreciation expense', 0.35006067156791687, 'what is Depreciation expense ?', '$105 million, $117 million, and $124 million']",Depreciation expense,0.3500606715679168,what is Depreciation expense ?,"$105 million, $117 million, and $124 million","Depreciation expense for the year ended December 31, 2019"
35,"Amortization expense of our intangible assets was $11 million, $80 million, and $204 million for the years ended December 31, 2021, 2020, and 2019, respectively.",11,['Amortization expense'],us-gaap_AmortizationOfIntangibleAssets,monetaryItemType,atvi,"Amortization expense of our intangible assets was $11 million, $80 million, and $204 million for the years ended December 31, 2021, 2020, and 2019, respectively.",$11 million,MONEY,"Amortization expense of our intangible assets was $11 million, $80 million, and $204 million for the years ended December 31, 2021, 2020, and 2019, respectively.","['Amortization expense of intangible assets', 'Amortization expense', 'intangible assets']","['Amortization expense of our intangible assets', 0.6155954599380493, 'What is $11 million ?', 'Amortization expense of our intangible assets']",Amortization expense of our intangible assets,0.6155954599380493,What is $11 million ?,Amortization expense of our intangible assets,Amortization expense of intangible assets
36,"Amortization expense of our intangible assets was $11 million, $80 million, and $204 million for the years ended December 31, 2021, 2020, and 2019, respectively.",80,['Amortization expense'],us-gaap_AmortizationOfIntangibleAssets,monetaryItemType,atvi,"Amortization expense of our intangible assets was $11 million, $80 million, and $204 million for the years ended December 31, 2021, 2020, and 2019, respectively.",$80 million,MONEY,"Amortization expense of our intangible assets was $11 million, $80 million, and $204 million for the years ended December 31, 2021, 2020, and 2019, respectively.","['Amortization expense of intangible assets', 'Amortization expense', 'intangible assets']","['Amortization expense of our intangible assets', 0.5444325804710388, 'What is $80 million ?', 'Amortization expense of our intangible assets']",Amortization expense of our intangible assets,0.5444325804710388,What is $80 million ?,Amortization expense of our intangible assets,Amortization expense of intangible assets
37,"Amortization expense of our intangible assets was $11 million, $80 million, and $204 million for the years ended December 31, 2021, 2020, and 2019, respectively.",204,['Amortization expense'],us-gaap_AmortizationOfIntangibleAssets,monetaryItemType,atvi,"Amortization expense of our intangible assets was $11 million, $80 million, and $204 million for the years ended December 31, 2021, 2020, and 2019, respectively.",$204 million,MONEY,"Amortization expense of our intangible assets was $11 million, $80 million, and $204 million for the years ended December 31, 2021, 2020, and 2019, respectively.","['Amortization expense of intangible assets', 'Amortization expense', 'intangible assets']","['Amortization expense of our intangible assets', 0.14352990686893463, 'What is $204 million ?', 'Amortization expense of our intangible assets']",Amortization expense of our intangible assets,0.1435299068689346,What is $204 million ?,Amortization expense of our intangible assets,Amortization expense of intangible assets
38,"Included in ""Accrued expenses and other liabilities"" in our consolidated balance sheets are accrued payroll related costs of $364 million and $406 million at December 31, 2021 and 2020, respectively, and the current portion of income taxes payable of $144 million and $100 million at December 31, 2021 and 2020, respectively.",364,['Accrued payroll related costs'],us-gaap_EmployeeRelatedLiabilitiesCurrent,monetaryItemType,atvi,"Included in “Accrued expenses and other liabilities” in our consolidated balance sheets are accrued payroll related costs of $364 million and $406 million at December 31, 2021 and 2020, respectively, and the current portion of income taxes payable of $144 million and $100 million at December 31, 2021 and 2020, respectively.",$364 million and,MONEY,"Included in “Accrued expenses and other liabilities” in our consolidated balance sheets are accrued payroll related costs of $364 million and $406 million at December 31, 2021 and 2020, respectively, and the current portion of income taxes payable of $144 million and $100 million at December 31, 2021 and 2020, respectively.","['accrued related costs', 'accrued related costs at December', 'current portion of income payable taxes', 'consolidated balance sheets', 'income payable taxes']","['payroll related costs', 0.7687496542930603, 'What is $364 million and ?', 'payroll related costs']",payroll related costs,0.7687496542930603,What is $364 million and ?,payroll related costs,Accrued payroll related costs
39,"Included in ""Accrued expenses and other liabilities"" in our consolidated balance sheets are accrued payroll related costs of $364 million and $406 million at December 31, 2021 and 2020, respectively, and the current portion of income taxes payable of $144 million and $100 million at December 31, 2021 and 2020, respectively.",406,['Accrued payroll related costs'],us-gaap_EmployeeRelatedLiabilitiesCurrent,monetaryItemType,atvi,"Included in “Accrued expenses and other liabilities” in our consolidated balance sheets are accrued payroll related costs of $364 million and $406 million at December 31, 2021 and 2020, respectively, and the current portion of income taxes payable of $144 million and $100 million at December 31, 2021 and 2020, respectively.",$406 million,MONEY,"Included in “Accrued expenses and other liabilities” in our consolidated balance sheets are accrued payroll related costs of $364 million and $406 million at December 31, 2021 and 2020, respectively, and the current portion of income taxes payable of $144 million and $100 million at December 31, 2021 and 2020, respectively.","['accrued related costs', 'accrued related costs at December', 'current portion of income payable taxes', 'consolidated balance sheets', 'income payable taxes']","['accrued related costs at December', 0.9283270835876465, 'what is accrued related costs at December ?', '$406 million']",accrued related costs at December,0.9283270835876464,what is accrued related costs at December ?,$406 million,Accrued expenses and other liabilities
40,"Included in ""Accrued expenses and other liabilities"" in our consolidated balance sheets are accrued payroll related costs of $364 million and $406 million at December 31, 2021 and 2020, respectively, and the current portion of income taxes payable of $144 million and $100 million at December 31, 2021 and 2020, respectively.",144,"['Income tax payable, current']",us-gaap_AccruedIncomeTaxesCurrent,monetaryItemType,atvi,"Included in “Accrued expenses and other liabilities” in our consolidated balance sheets are accrued payroll related costs of $364 million and $406 million at December 31, 2021 and 2020, respectively, and the current portion of income taxes payable of $144 million and $100 million at December 31, 2021 and 2020, respectively.",$144 million,MONEY,"Included in “Accrued expenses and other liabilities” in our consolidated balance sheets are accrued payroll related costs of $364 million and $406 million at December 31, 2021 and 2020, respectively, and the current portion of income taxes payable of $144 million and $100 million at December 31, 2021 and 2020, respectively.","['accrued related costs', 'accrued related costs at December', 'current portion of income payable taxes', 'consolidated balance sheets', 'income payable taxes']","['current portion of income payable taxes', 0.908598780632019, 'what is current portion of income payable taxes ?', '$144 million']",current portion of income payable taxes,0.908598780632019,what is current portion of income payable taxes ?,$144 million,Income taxes payable
41,"Included in ""Accrued expenses and other liabilities"" in our consolidated balance sheets are accrued payroll related costs of $364 million and $406 million at December 31, 2021 and 2020, respectively, and the current portion of income taxes payable of $144 million and $100 million at December 31, 2021 and 2020, respectively.",100,"['Income tax payable, current']",us-gaap_AccruedIncomeTaxesCurrent,monetaryItemType,atvi,"Included in “Accrued expenses and other liabilities” in our consolidated balance sheets are accrued payroll related costs of $364 million and $406 million at December 31, 2021 and 2020, respectively, and the current portion of income taxes payable of $144 million and $100 million at December 31, 2021 and 2020, respectively.",$100 million,MONEY,"Included in “Accrued expenses and other liabilities” in our consolidated balance sheets are accrued payroll related costs of $364 million and $406 million at December 31, 2021 and 2020, respectively, and the current portion of income taxes payable of $144 million and $100 million at December 31, 2021 and 2020, respectively.","['accrued related costs', 'accrued related costs at December', 'current portion of income payable taxes', 'consolidated balance sheets', 'income payable taxes']","['current portion of income taxes', 0.1758083701133728, 'What is $100 million ?', 'current portion of income taxes']",current portion of income taxes,0.1758083701133728,What is $100 million ?,current portion of income taxes,Income taxes payable
42,"The total gross notional amounts and fair values of our Cash Flow Hedges, all of which had remaining maturities of 12 months or less as of December 31, 2021, are as follows (amounts in millions):",12,['Maximum length of time over which our foreign currency forward contracts mature'],us-gaap_DerivativeRemainingMaturity1,durationItemType,atvi,"The total gross notional amounts and fair values of our Cash Flow Hedges, all of which had remaining maturities of 12 months or less as of December 31, 2021, are as follows (amounts in millions):",12 months,DATE,"The total gross notional amounts and fair values of our Cash Flow Hedges, all of which had remaining maturities of 12 months or less as of December 31, 2021, are as follows :","['fair values of Flow Hedges', 'remaining maturities of less months', 'total gross notional amounts', 'Flow Hedges', 'less months']","['maturities', 0.5868732929229736, 'What is 12 months ?', 'maturities']",maturities,0.5868732929229736,What is 12 months ?,maturities,remaining maturities
43,"At December 31, 2020, we held an investment in equity securities with a carrying value of $45 million. The investment did not have a readily determinable fair value and was carried at cost, less impairment, and adjusted for changes resulting from observable price changes in orderly transactions for identical or similar investments in the same issuer. During June 2021, the investee completed a merger with a special purpose acquisition company (""SPAC"") and, as a result, our investment was converted into common shares of the publicly traded company.",45,['Carrying value of the investment'],us-gaap_EquitySecuritiesWithoutReadilyDeterminableFairValueAmount,monetaryItemType,atvi,"At December 31, 2020, we held an investment in equity securities with a carrying value of $45 million.",$45 million,MONEY,"At December 31, 2020, we held an investment in equity securities with a carrying value of $45 million.","['investment in equity securities', 'carrying value', 'equity securities']","['equity securities', 0.783096969127655, 'What is $45 million ?', 'equity securities']",equity securities,0.783096969127655,What is $45 million ?,equity securities,Carrying value of equity securities
44,"In connection with the SPAC transaction, we sold a portion of our investment for $22 million and recognized a realized gain of $16 million during the three months ended June 30, 2021. Our remaining investment is now measured at fair value at the end of each reporting period. As of December 31, 2021, the carrying value of the investment was $50 million and was classified within ""Other current assets"" in our consolidated balance sheets. The realized and unrealized gains were recorded within ""Interest and other expense (income), net"" in our consolidated statement of operations (refer to Note 18) for the year ended December 31, 2021.",22,['Proceeds from sale of equity securities'],us-gaap_ProceedsFromSaleOfEquitySecuritiesFvNi,monetaryItemType,atvi,"In connection with the SPAC transaction, we sold a portion of our investment for $22 million and recognized a realized gain of $16 million during the three months ended June 30, 2021.",$22 million,MONEY,"In connection with the SPAC transaction, we sold a portion of our investment for $22 million and recognized a realized gain of $16 million during the three months ended June 30, 2021.","['connection with SPAC transaction', 'portion of investment', 'realized gain', 'SPAC transaction']","['portion of investment', 0.7720814347267151, 'what is portion of investment ?', '$22 million']",portion of investment,0.7720814347267151,what is portion of investment ?,$22 million,SPAC transaction
45,"In connection with the SPAC transaction, we sold a portion of our investment for $22 million and recognized a realized gain of $16 million during the three months ended June 30, 2021. Our remaining investment is now measured at fair value at the end of each reporting period. As of December 31, 2021, the carrying value of the investment was $50 million and was classified within ""Other current assets"" in our consolidated balance sheets. The realized and unrealized gains were recorded within ""Interest and other expense (income), net"" in our consolidated statement of operations (refer to Note 18) for the year ended December 31, 2021.",16,['Realized gain'],us-gaap_EquitySecuritiesFvNiRealizedGainLoss,monetaryItemType,atvi,"In connection with the SPAC transaction, we sold a portion of our investment for $22 million and recognized a realized gain of $16 million during the three months ended June 30, 2021.",$16 million,MONEY,"In connection with the SPAC transaction, we sold a portion of our investment for $22 million and recognized a realized gain of $16 million during the three months ended June 30, 2021.","['connection with SPAC transaction', 'portion of investment', 'realized gain', 'SPAC transaction']","['realized gain', 0.9800374507904053, 'what is realized gain ?', '$16 million']",realized gain,0.9800374507904052,what is realized gain ?,$16 million,realized gain
46,"In connection with the SPAC transaction, we sold a portion of our investment for $22 million and recognized a realized gain of $16 million during the three months ended June 30, 2021. Our remaining investment is now measured at fair value at the end of each reporting period. As of December 31, 2021, the carrying value of the investment was $50 million and was classified within ""Other current assets"" in our consolidated balance sheets. The realized and unrealized gains were recorded within ""Interest and other expense (income), net"" in our consolidated statement of operations (refer to Note 18) for the year ended December 31, 2021.",50,['Total assets at fair value'],us-gaap_AssetsFairValueDisclosure,monetaryItemType,atvi,"As of December 31, 2021, the carrying value of the investment was $50 million and was classified within “Other current assets” in our consolidated balance sheets.",$50 million,MONEY,"As of December 31, 2021, the carrying value of the investment was $50 million and was classified within “Other current assets” in our consolidated balance sheets.","['carrying value of investment', 'Other current assets', 'consolidated balance sheets']","['carrying value of investment', 0.895241916179657, 'what is carrying value of investment ?', '$50 million']",carrying value of investment,0.895241916179657,what is carrying value of investment ?,$50 million,Other current assets
47,"We record deferred revenues when cash payments are received or due in advance of the fulfillment of our associated performance obligations. The aggregate of the current and non current balances of deferred revenues as of December 31, 2021 and December 31, 2020, were $1.1 billion and $1.7 billion, respectively. For the year ended December 31, 2021, the additions to our deferred revenues balance were primarily due to cash payments received or due in advance of satisfying our performance obligations, while the reductions to our deferred revenues balance were primarily due to the recognition of revenues upon fulfillment of our performance obligations, all of which were in the ordinary course of business. During the years ended December 31, 2021, December 31, 2020, and December 31, 2019, $1.7 billion, $1.3 billion, and $1.5 billion of revenues, respectively, were recognized that were included in the deferred revenues balance at beginning of the period.",1.1,['Deferred revenues'],us-gaap_ContractWithCustomerLiability,monetaryItemType,atvi,"The aggregate of the current and non current balances of deferred revenues as of December 31, 2021 and December 31, 2020, were $1.1 billion and $1.7 billion, respectively.",$1.1 billion,MONEY,"The aggregate of the current and non current balances of deferred revenues as of December 31, 2021 and December 31, 2020, were $1.1 billion and $1.7 billion, respectively.","['aggregate of current current balances', 'current current balances of deferred revenues', 'aggregate', 'current current balances']","['current current balances of deferred revenues', 0.44160524010658264, 'what is current current balances of deferred revenues ?', '$1.1 billion and $1.7 billion']",current current balances of deferred revenues,0.4416052401065826,what is current current balances of deferred revenues ?,$1.1 billion and $1.7 billion,"Deferred revenues as of December 31, 2021

Entity: 
$1.7 billion 
Phrase: 
Deferred revenues as of December 31, 2020"
48,"We record deferred revenues when cash payments are received or due in advance of the fulfillment of our associated performance obligations. The aggregate of the current and non current balances of deferred revenues as of December 31, 2021 and December 31, 2020, were $1.1 billion and $1.7 billion, respectively. For the year ended December 31, 2021, the additions to our deferred revenues balance were primarily due to cash payments received or due in advance of satisfying our performance obligations, while the reductions to our deferred revenues balance were primarily due to the recognition of revenues upon fulfillment of our performance obligations, all of which were in the ordinary course of business. During the years ended December 31, 2021, December 31, 2020, and December 31, 2019, $1.7 billion, $1.3 billion, and $1.5 billion of revenues, respectively, were recognized that were included in the deferred revenues balance at beginning of the period.",1.7,['Deferred revenues'],us-gaap_ContractWithCustomerLiability,monetaryItemType,atvi,"The aggregate of the current and non current balances of deferred revenues as of December 31, 2021 and December 31, 2020, were $1.1 billion and $1.7 billion, respectively.",$1.7 billion,MONEY,"The aggregate of the current and non current balances of deferred revenues as of December 31, 2021 and December 31, 2020, were $1.1 billion and $1.7 billion, respectively.","['aggregate of current current balances', 'current current balances of deferred revenues', 'aggregate', 'current current balances']","['current current balances of deferred revenues', 0.44160524010658264, 'what is current current balances of deferred revenues ?', '$1.1 billion and $1.7 billion']",current current balances of deferred revenues,0.4416052401065826,what is current current balances of deferred revenues ?,$1.1 billion and $1.7 billion,Deferred revenues
49,"We record deferred revenues when cash payments are received or due in advance of the fulfillment of our associated performance obligations. The aggregate of the current and non current balances of deferred revenues as of December 31, 2021 and December 31, 2020, were $1.1 billion and $1.7 billion, respectively. For the year ended December 31, 2021, the additions to our deferred revenues balance were primarily due to cash payments received or due in advance of satisfying our performance obligations, while the reductions to our deferred revenues balance were primarily due to the recognition of revenues upon fulfillment of our performance obligations, all of which were in the ordinary course of business. During the years ended December 31, 2021, December 31, 2020, and December 31, 2019, $1.7 billion, $1.3 billion, and $1.5 billion of revenues, respectively, were recognized that were included in the deferred revenues balance at beginning of the period.",1.7,['Revenue recognized included in beginning deferred revenue'],us-gaap_ContractWithCustomerLiabilityRevenueRecognized,monetaryItemType,atvi,"The aggregate of the current and non current balances of deferred revenues as of December 31, 2021 and December 31, 2020, were $1.1 billion and $1.7 billion, respectively.",$1.7 billion,MONEY,"The aggregate of the current and non current balances of deferred revenues as of December 31, 2021 and December 31, 2020, were $1.1 billion and $1.7 billion, respectively.","['aggregate of current current balances', 'current current balances of deferred revenues', 'aggregate', 'current current balances']","['current current balances of deferred revenues', 0.44160524010658264, 'what is current current balances of deferred revenues ?', '$1.1 billion and $1.7 billion']",current current balances of deferred revenues,0.4416052401065826,what is current current balances of deferred revenues ?,$1.1 billion and $1.7 billion,"Deferred revenues as of December 31, 2020"
